Feature,Skewness
MiscVal,22.00639303724241
PoolArea,15.673692235793391
LotArea,12.333962771390707
3SsnPorch,9.812615775880229
LowQualFinSF,9.1794933157558
KitchenAbvGr,4.434981325729612
BsmtFinSF2,4.208322663194095
ScreenPorch,4.081056241213466
BsmtHalfBath,3.996596020820195
EnclosedPorch,3.156446240445128
OpenPorchSF,2.3096888160231064
MasVnrArea,2.288289818255324
SalePrice,1.738989071041078
LotFrontage,1.711501617730074
WoodDeckSF,1.5905164480223564
MSSubClass,1.4361252091190437
GrLivArea,0.9756942263985513
BsmtUnfSF,0.9101979289600992
1stFlrSF,0.8012721257414529
2ndFlrSF,0.8002666916757899
OverallCond,0.7296792916870397
BsmtFinSF1,0.7266218438449709
TotRmsAbvGrd,0.6673220482457487
HalfBath,0.6555861649807092
Fireplaces,0.6147905867254315
BsmtFullBath,0.6043848155152867
TotalBsmtSF,0.46846458376955263
BedroomAbvGr,0.2899714689975144
MoSold,0.24619618287175937
OverallQual,0.17508273061987614
YrSold,0.0814204778671181
GarageArea,0.04409981730967702
FullBath,0.031529237898916415
GarageCars,-0.3891595239859533
YearRemodAdd,-0.5052446772719522
YearBuilt,-0.6211224555481425
GarageYrBlt,-0.6639851765918866
